{
    "Version": "2012-10-17",
    "Statement": [
        {
            "Action": [
                "logs:CreateLogStream",
                "logs:CreateLogGroup"
            ],
            "Resource": [
                "arn:aws:logs:us-east-1:050404433262:log-group:/aws/lambda/lamda-practice-dev*:*"
            ],
            "Effect": "Allow"
        },
        {
            "Action": [
                "logs:PutLogEvents"
            ],
            "Resource": [
                "arn:aws:logs:us-east-1:050404433262:log-group:/aws/lambda/lamda-practice-dev*:*:*"
            ],
            "Effect": "Allow"
        }
    ]
}
